{"weight_ge":[-2.66668455206521,-2.33334898305706,-2.00001341404891,-1.66667784504076,-1.33334227603261,-1.00000670702445,-0.666671138016303,-0.333335569008151,0,0.000457852497438959,0.333335569008151,0.666671138016303,1.00000670702445,1.33334227603261,1.66667784504076,2.00001341404891,2.33334898305706,2.66668455206521,3.00002012107336,3.66669125908967,4.00002682809782],"weight_lt":[-2.33334898305706,-2.00001341404891,-1.66667784504076,-1.33334227603261,-1.00000670702445,-0.666671138016303,-0.333335569008151,0,"",0.333335569008151,0.666671138016303,1.00000670702445,1.33334227603261,1.66667784504076,2.00001341404891,2.33334898305706,2.66668455206521,3.00002012107336,3.33335569008151,4.00002682809782,4.33336239710597],"weight":[-2.48639019528338,-2.10692559300366,-1.7859261222516,-1.47093244908768,-1.15679415177705,-0.833756368808553,-0.501792992955984,-0.149400509298767,0,0.183096571739388,0.549095329889399,0.836135031644327,1.16433657638021,1.50799640001696,1.78932118483227,2.12651329808887,2.52973130475286,2.82588238128466,3.10050859405358,3.78864842685266,4.15964532205982],"num_features":[2,10,55,109,179,303,266,602,28269,35,66,83,113,192,131,15,16,10,10,1,1]}
