{"probability_lo":[0,0.1,0.2,0.3,0.4,0.5,0.6,0.7,0.8,0.9],"probability_hi":[0.1,0.2,0.3,0.4,0.5,0.6,0.7,0.8,0.9,1],"probability":[0.05,0.15,0.25,0.35,0.45,0.55,0.65,0.75,0.85,0.95],"accuracy":[0.0184956843403206,0.0597014925373134,"",0.380952380952381,0.25,0.333333333333333,0.5,0.6875,0.625,0.950191570881226],"num_predictions_test":[811,67,"",21,16,9,4,16,16,522],"num_predictions_whole":[12158,2970,2161,2050,1947,2031,2624,3366,5477,36200],"num_correct":[15,4,"",8,4,3,2,11,10,496],"num_incorrect":[796,63,16,13,12,6,2,5,6,26]}
