{"weight_ge":[-3.670344,-3.262528,-2.854712,-2.446896,-2.03908,-1.631264,-1.223448,-0.815632,-0.407816,0,"5.25405e-07",0.407816,0.815632,1.223448,1.631264,2.03908,2.446896,2.854712,3.670344,4.485976],"weight_lt":[-3.262528,-2.854712,-2.446896,-2.03908,-1.631264,-1.223448,-0.815632,-0.407816,0,"",0.407816,0.815632,1.223448,1.631264,2.03908,2.446896,2.854712,3.262528,4.07816,4.893792],"weight":[-3.34716,-2.96812,-2.73222666666667,-2.17116,-1.78617052631579,-1.40639732142857,-1.00233223239437,-0.568030746938776,-0.142764213927054,0,0.202963766071035,0.575217359315589,1.00030384120172,1.372618,1.83513891891892,2.1673625,2.66328875,2.958925,4.04409,4.80916],"num_features":[1,1,3,15,19,56,142,490,2809,11536,932,526,233,110,37,12,8,2,1,1]}
