{"weight_ge":[-1.66825281,-1.50937159,-1.42993098,-1.27104976,-1.19160915,-0.95328732,-0.87384671,-0.7944061,-0.71496549,-0.63552488,-0.55608427,-0.47664366,-0.39720305,-0.31776244,-0.23832183,-0.15888122,-0.07944061,0],"weight_lt":[-1.5888122,-1.42993098,-1.35049037,-1.19160915,-1.11216854,-0.87384671,-0.7944061,-0.71496549,-0.63552488,-0.55608427,-0.47664366,-0.39720305,-0.31776244,-0.23832183,-0.15888122,-0.07944061,0,0],"num_features":[1,1,1,2,1,2,1,2,2,2,5,2,4,16,31,116,1134,27174]}
