{"probability_lo":[0,0.1,0.2,0.3,0.4,0.5,0.6,0.7,0.8,0.9],"probability_hi":[0.1,0.2,0.3,0.4,0.5,0.6,0.7,0.8,0.9,1],"probability":[0.05,0.15,0.25,0.35,0.45,0.55,0.65,0.75,0.85,0.95],"accuracy":[0.00334448160535117,0.0576923076923077,0.166666666666667,0.349206349206349,0.186046511627907,0.5,0.368421052631579,0.555555555555556,0.4,0.988789237668161],"num_predictions_test":[598,156,48,63,43,40,38,36,20,446],"num_predictions_whole":[4362,11150,6381,8994,12043,6731,5251,9939,1900,4253],"num_correct":[2,9,8,22,8,20,14,20,8,441],"num_incorrect":[596,147,40,41,35,20,24,16,12,5]}
